{"properties":{"connectionReferences":{"shared_commondataserviceforapps":{"runtimeSource":"embedded","connection":{"connectionReferenceLogicalName":"aib_currentcommondataserviceconnection"},"api":{"name":"shared_commondataserviceforapps"}},"shared_commondataserviceforapps_2":{"runtimeSource":"embedded","connection":{"connectionReferenceLogicalName":"aib_currentcommondataserviceconnection"},"api":{"name":"shared_commondataserviceforapps"}}},"definition":{"$schema":"https://schema.management.azure.com/providers/Microsoft.Logic/schemas/2016-06-01/workflowdefinition.json#","contentVersion":"1.0.0.0","parameters":{"$connections":{"defaultValue":{},"type":"Object"},"$authentication":{"defaultValue":{},"type":"SecureObject"}},"triggers":{"manual":{"splitOn":"@triggerBody()['rows']","metadata":{"operationMetadataId":"2ce42540-3a43-4f7b-8375-495938a04d7d"},"type":"Request","kind":"ApiConnection","inputs":{"schema":{"type":"object","properties":{},"required":[]},"host":{"connection":{"name":"@parameters('$connections')['shared_commondataserviceforapps']['connectionId']"}},"operationId":"FlowStepRun","parameters":{}}}},"actions":{"Get_Flow_current_Row":{"runAfter":{},"metadata":{"operationMetadataId":"6bb4627a-7f38-49b3-aa50-2060b93ca7d7"},"type":"OpenApiConnection","inputs":{"host":{"connectionName":"shared_commondataserviceforapps_2","operationId":"GetItem","apiId":"/providers/Microsoft.PowerApps/apis/shared_commondataserviceforapps"},"parameters":{"entityName":"new_quotes","recordId":"@triggerBody()?['entity']?['entity']?['BPFFlowStageEntityRecordId']"},"authentication":"@parameters('$authentication')"}},"Initialize_variable":{"runAfter":{"Get_Flow_current_Row":["Succeeded"]},"metadata":{"operationMetadataId":"90ef9884-46ce-4e58-a4b4-b5a5817ac486"},"type":"InitializeVariable","inputs":{"variables":[{"name":"varQuoteServAmount","type":"float","value":0}]}},"Initialize_variable_3":{"runAfter":{"Initialize_variable":["Succeeded"]},"metadata":{"operationMetadataId":"93a0e08d-424c-4b63-872a-520d5f370557"},"type":"InitializeVariable","inputs":{"variables":[{"name":"varPrice","type":"float","value":0}]}},"List_rows_from_Service_Quote":{"runAfter":{"Initialize_variable_3":["Succeeded"]},"metadata":{"operationMetadataId":"c71e20d6-444b-40be-8f4a-51ce598babf4"},"type":"OpenApiConnection","inputs":{"host":{"connectionName":"shared_commondataserviceforapps_2","operationId":"ListRecords","apiId":"/providers/Microsoft.PowerApps/apis/shared_commondataserviceforapps"},"parameters":{"entityName":"new_servicequotations","$filter":"_new_quote_value eq '@{outputs('Get_Flow_current_Row')?['body/new_quoteid']}'"},"authentication":"@parameters('$authentication')"}},"Apply_to_each":{"foreach":"@outputs('List_rows_from_Service_Quote')?['body/value']","actions":{"Increment_variable":{"runAfter":{"Set_variable_2":["Succeeded"]},"metadata":{"operationMetadataId":"991faa1c-0a94-435e-8935-447287b26b05"},"type":"IncrementVariable","inputs":{"name":"varQuoteServAmount","value":"@variables('varPrice')"}},"Set_variable_2":{"runAfter":{},"metadata":{"operationMetadataId":"7952d791-285e-4bab-98ee-18cbc1e94ad0"},"type":"SetVariable","inputs":{"name":"varPrice","value":"@items('Apply_to_each')?['new_price']"}}},"runAfter":{"List_rows_from_Service_Quote":["Succeeded"]},"metadata":{"operationMetadataId":"c00624e3-40d1-4d1d-af56-bd8de671c1b6"},"type":"Foreach"},"Update_a_row":{"runAfter":{"Apply_to_each":["Succeeded"]},"metadata":{"operationMetadataId":"05e10e66-97c4-40fe-babd-210e57705964"},"type":"OpenApiConnection","inputs":{"host":{"connectionName":"shared_commondataserviceforapps_2","operationId":"UpdateRecord","apiId":"/providers/Microsoft.PowerApps/apis/shared_commondataserviceforapps"},"parameters":{"entityName":"workflowlogs","recordId":"@triggerBody()?['entity']?['entity']?['FlowsWorkflowLogId']","item/status":2},"authentication":"@parameters('$authentication')"}},"Update_a_row_2":{"runAfter":{"Update_a_row":["Succeeded"]},"metadata":{"operationMetadataId":"44a281c0-fcd7-4c5b-b155-8425f293fe1d"},"type":"OpenApiConnection","inputs":{"host":{"connectionName":"shared_commondataserviceforapps_2","operationId":"UpdateRecord","apiId":"/providers/Microsoft.PowerApps/apis/shared_commondataserviceforapps"},"parameters":{"entityName":"new_quotes","recordId":"@triggerBody()?['entity']?['entity']?['BPFFlowStageEntityRecordId']","item/new_quoteservamount":"@variables('varQuoteServAmount')"},"authentication":"@parameters('$authentication')"}}},"outputs":{}}},"schemaVersion":"1.0.0.0"}