{"properties":{"connectionReferences":{"shared_commondataserviceforapps_2":{"runtimeSource":"embedded","connection":{"connectionReferenceLogicalName":"aib_currentcommondataserviceconnection"},"api":{"name":"shared_commondataserviceforapps"}}},"definition":{"$schema":"https://schema.management.azure.com/providers/Microsoft.Logic/schemas/2016-06-01/workflowdefinition.json#","contentVersion":"1.0.0.0","parameters":{"$connections":{"defaultValue":{},"type":"Object"},"$authentication":{"defaultValue":{},"type":"SecureObject"}},"triggers":{"manual":{"splitOn":"@triggerBody()['rows']","type":"Request","kind":"ApiConnection","inputs":{"schema":{"type":"object","properties":{},"required":[]},"host":{"connection":{"name":"@parameters('$connections')['shared_commondataserviceforapps_2']['connectionId']"}},"operationId":"FlowStepRun","parameters":{}}}},"actions":{"Get_Flow_current_Row":{"runAfter":{},"type":"OpenApiConnection","inputs":{"host":{"connectionName":"shared_commondataserviceforapps_2","operationId":"GetItem","apiId":"/providers/Microsoft.PowerApps/apis/shared_commondataserviceforapps"},"parameters":{"entityName":"new_quotes","recordId":"@triggerBody()?['entity']?['entity']?['BPFFlowStageEntityRecordId']"},"authentication":{"type":"Raw","value":"@json(decodeBase64(triggerOutputs().headers['X-MS-APIM-Tokens']))['$ConnectionKey']"}}},"Initialize_variable":{"runAfter":{"Get_Flow_current_Row":["Succeeded"]},"type":"InitializeVariable","inputs":{"variables":[{"name":"varQuoteProdAmount","type":"float","value":0}]}},"Initialize_variable_3":{"runAfter":{"Initialize_variable":["Succeeded"]},"type":"InitializeVariable","inputs":{"variables":[{"name":"varPrice","type":"float","value":0}]}},"Initialize_variable_4":{"runAfter":{"Initialize_variable_3":["Succeeded"]},"type":"InitializeVariable","inputs":{"variables":[{"name":"varQ","type":"integer","value":0}]}},"Initialize_variable_2":{"runAfter":{"Initialize_variable_4":["Succeeded"]},"type":"InitializeVariable","inputs":{"variables":[{"name":"varProdSubtotal","type":"float","value":0}]}},"List_rows_from_Product_Quote":{"runAfter":{"Initialize_variable_2":["Succeeded"]},"type":"OpenApiConnection","inputs":{"host":{"connectionName":"shared_commondataserviceforapps_2","operationId":"ListRecords","apiId":"/providers/Microsoft.PowerApps/apis/shared_commondataserviceforapps"},"parameters":{"entityName":"new_productquotations","$filter":"_new_quote_value eq '@{outputs('Get_Flow_current_Row')?['body/new_quoteid']}'","$expand":"new_Product($select=new_name), new_Model($select=new_name)"},"authentication":{"type":"Raw","value":"@json(decodeBase64(triggerOutputs().headers['X-MS-APIM-Tokens']))['$ConnectionKey']"}}},"Apply_to_each":{"foreach":"@outputs('List_rows_from_Product_Quote')?['body/value']","actions":{"Set_variable":{"runAfter":{},"type":"SetVariable","inputs":{"name":"varQ","value":"@items('Apply_to_each')?['new_quantity']"}},"Increment_variable":{"runAfter":{"Set_variable_3":["Succeeded"]},"type":"IncrementVariable","inputs":{"name":"varQuoteProdAmount","value":"@variables('varProdSubtotal')"}},"Set_variable_2":{"runAfter":{"Set_variable":["Succeeded"]},"type":"SetVariable","inputs":{"name":"varPrice","value":"@items('Apply_to_each')?['new_price']"}},"Set_variable_3":{"runAfter":{"Set_variable_2":["Succeeded"]},"type":"SetVariable","inputs":{"name":"varProdSubtotal","value":"@mul(variables('varPrice'), variables('varQ'))"}}},"runAfter":{"List_rows_from_Product_Quote":["Succeeded"]},"type":"Foreach"},"Update_a_row":{"runAfter":{"Apply_to_each":["Succeeded"]},"type":"OpenApiConnection","inputs":{"host":{"connectionName":"shared_commondataserviceforapps_2","operationId":"UpdateRecord","apiId":"/providers/Microsoft.PowerApps/apis/shared_commondataserviceforapps"},"parameters":{"entityName":"workflowlogs","recordId":"@triggerBody()?['entity']?['entity']?['FlowsWorkflowLogId']","item/status":2},"authentication":{"type":"Raw","value":"@json(decodeBase64(triggerOutputs().headers['X-MS-APIM-Tokens']))['$ConnectionKey']"}}},"Update_a_row_2":{"runAfter":{"Update_a_row":["Succeeded","Failed"]},"type":"OpenApiConnection","inputs":{"host":{"connectionName":"shared_commondataserviceforapps_2","operationId":"UpdateRecord","apiId":"/providers/Microsoft.PowerApps/apis/shared_commondataserviceforapps"},"parameters":{"entityName":"new_quotes","recordId":"@triggerBody()?['entity']?['entity']?['BPFFlowStageEntityRecordId']","item/new_quoteprodamount":"@variables('varQuoteProdAmount')"},"authentication":{"type":"Raw","value":"@json(decodeBase64(triggerOutputs().headers['X-MS-APIM-Tokens']))['$ConnectionKey']"}}}},"outputs":{}}},"schemaVersion":"1.0.0.0"}