{"properties":{"connectionReferences":{"shared_commondataserviceforapps":{"runtimeSource":"embedded","connection":{"connectionReferenceLogicalName":"cr5f8_sharedcommondataserviceforapps_b8e25"},"api":{"name":"shared_commondataserviceforapps"}}},"definition":{"$schema":"https://schema.management.azure.com/providers/Microsoft.Logic/schemas/2016-06-01/workflowdefinition.json#","contentVersion":"1.0.0.0","parameters":{"$connections":{"defaultValue":{},"type":"Object"},"$authentication":{"defaultValue":{},"type":"SecureObject"}},"triggers":{"manual":{"splitOn":"@triggerBody()['rows']","metadata":{"operationMetadataId":"dace36e5-7f8c-4945-99dc-43d592e58f4a"},"type":"Request","kind":"ApiConnection","inputs":{"schema":{"type":"object","properties":{},"required":[]},"host":{"connection":{"name":"@parameters('$connections')['shared_commondataserviceforapps']['connectionId']"}},"operationId":"FlowStepRun","parameters":{}}}},"actions":{"Get_Flow_current_Row":{"runAfter":{},"metadata":{"operationMetadataId":"edd85372-e23d-4e92-9485-824e93ee8e47"},"type":"OpenApiConnection","inputs":{"host":{"connectionName":"shared_commondataserviceforapps","operationId":"GetItem","apiId":"/providers/Microsoft.PowerApps/apis/shared_commondataserviceforapps"},"parameters":{"entityName":"new_quotes","recordId":"@triggerBody()?['entity']?['entity']?['BPFFlowStageEntityRecordId']"},"authentication":"@parameters('$authentication')"}},"List_rows":{"runAfter":{"Get_Flow_current_Row":["Succeeded"]},"metadata":{"operationMetadataId":"cc4c93e5-57fe-4fa5-aea5-ea5a95aea705"},"type":"OpenApiConnection","inputs":{"host":{"connectionName":"shared_commondataserviceforapps","operationId":"ListRecords","apiId":"/providers/Microsoft.PowerApps/apis/shared_commondataserviceforapps"},"parameters":{"entityName":"new_productquotations","$filter":"_new_quote_value eq '@{outputs('Get_Flow_current_Row')?['body/new_quoteid']}'"},"authentication":"@parameters('$authentication')"}},"Initialize_variable":{"runAfter":{"List_rows":["Succeeded"]},"metadata":{"operationMetadataId":"23a750ca-8c8c-4d95-82bf-cea5c6527e2f"},"type":"InitializeVariable","inputs":{"variables":[{"name":"QCComplete","type":"boolean","value":"@true"}]}},"Initialize_variable_2":{"runAfter":{"Initialize_variable":["Succeeded"]},"metadata":{"operationMetadataId":"eaa4cb7f-283a-4490-a6ec-77ea9c494eab"},"type":"InitializeVariable","inputs":{"variables":[{"name":"QCFailConut","type":"integer","value":0}]}},"Apply_to_each":{"foreach":"@outputs('List_rows')?['body/value']","actions":{"Get_a_row_by_ID":{"runAfter":{"Set_variable_3":["Succeeded"]},"metadata":{"operationMetadataId":"d032376a-9d7a-469a-a70c-e95bf3695f9c"},"type":"OpenApiConnection","inputs":{"host":{"connectionName":"shared_commondataserviceforapps","operationId":"GetItem","apiId":"/providers/Microsoft.PowerApps/apis/shared_commondataserviceforapps"},"parameters":{"entityName":"new_productquotations","recordId":"@variables('RowID')"},"authentication":"@parameters('$authentication')"}},"Condition":{"actions":{},"runAfter":{"Get_a_row_by_ID":["Succeeded"]},"else":{"actions":{"Increment_variable":{"runAfter":{},"metadata":{"operationMetadataId":"49b68b8e-af68-48de-a554-3da1a9693cab"},"type":"IncrementVariable","inputs":{"name":"QCFailConut","value":1}}}},"expression":{"equals":["@outputs('Get_a_row_by_ID')?['body/new_qcok']","@true"]},"metadata":{"operationMetadataId":"03a13f15-a5a4-4ec4-bad7-b92e88441ad9"},"type":"If"},"Set_variable_3":{"runAfter":{},"metadata":{"operationMetadataId":"ae16cc00-cd69-4695-b287-647b8b055dd6"},"type":"SetVariable","inputs":{"name":"RowID","value":"@items('Apply_to_each')?['new_productquotationid']"}}},"runAfter":{"Initialize_variable_3":["Succeeded"]},"metadata":{"operationMetadataId":"4444a9fc-1014-4a9a-ad9b-abb2b5da538a"},"type":"Foreach"},"Condition_2":{"actions":{"Set_variable":{"runAfter":{},"metadata":{"operationMetadataId":"9447fb3d-0839-414a-b919-0ac6304f6b07"},"type":"SetVariable","inputs":{"name":"QCComplete","value":"@false"}},"Update_a_row_2":{"runAfter":{"Set_variable":["Succeeded"]},"metadata":{"operationMetadataId":"48d1f0fc-9acf-4491-b9dc-f8775c90399a"},"type":"OpenApiConnection","inputs":{"host":{"connectionName":"shared_commondataserviceforapps","operationId":"UpdateRecord","apiId":"/providers/Microsoft.PowerApps/apis/shared_commondataserviceforapps"},"parameters":{"entityName":"new_quotes","recordId":"@triggerBody()?['entity']?['entity']?['BPFFlowStageEntityRecordId']","item/new_productionstatus":100000003,"item/new_qccomplete":"@variables('QCComplete')"},"authentication":"@parameters('$authentication')"}},"Update_a_row_4":{"runAfter":{"Update_a_row_2":["Succeeded"]},"metadata":{"operationMetadataId":"480dc288-4a60-4126-a248-bc8f8d8a17e8"},"type":"OpenApiConnection","inputs":{"host":{"connectionName":"shared_commondataserviceforapps","operationId":"UpdateRecord","apiId":"/providers/Microsoft.PowerApps/apis/shared_commondataserviceforapps"},"parameters":{"entityName":"workflowlogs","recordId":"@triggerBody()?['entity']?['entity']?['FlowsWorkflowLogId']","item/status":3},"authentication":"@parameters('$authentication')"}}},"runAfter":{"Apply_to_each":["Succeeded"]},"else":{"actions":{"Set_variable_2":{"runAfter":{},"metadata":{"operationMetadataId":"0bf23f2a-e849-46d7-8fc5-27c1a3066cb0"},"type":"SetVariable","inputs":{"name":"QCComplete","value":"@true"}},"Update_a_row":{"runAfter":{"Set_variable_2":["Succeeded"]},"metadata":{"operationMetadataId":"f8e46145-9cfa-4349-a97b-cdb6890723b5"},"type":"OpenApiConnection","inputs":{"host":{"connectionName":"shared_commondataserviceforapps","operationId":"UpdateRecord","apiId":"/providers/Microsoft.PowerApps/apis/shared_commondataserviceforapps"},"parameters":{"entityName":"new_quotes","recordId":"@triggerBody()?['entity']?['entity']?['BPFFlowStageEntityRecordId']","item/new_productionstatus":100000004,"item/new_qccomplete":"@variables('QCComplete')","item/new_qcreadyflag":4},"authentication":"@parameters('$authentication')"}},"Update_a_row_3":{"runAfter":{"Update_a_row":["Succeeded"]},"metadata":{"operationMetadataId":"0de3dd05-039c-4f02-b173-bcf3055b7cda"},"type":"OpenApiConnection","inputs":{"host":{"connectionName":"shared_commondataserviceforapps","operationId":"UpdateRecord","apiId":"/providers/Microsoft.PowerApps/apis/shared_commondataserviceforapps"},"parameters":{"entityName":"workflowlogs","recordId":"@triggerBody()?['entity']?['entity']?['FlowsWorkflowLogId']","item/status":2},"authentication":"@parameters('$authentication')"}}}},"expression":{"greater":["@variables('QCFailConut')",0]},"metadata":{"operationMetadataId":"29b4d5a6-84b3-4119-9023-c4a3e30f17b2"},"type":"If"},"Initialize_variable_3":{"runAfter":{"Initialize_variable_2":["Succeeded"]},"metadata":{"operationMetadataId":"f513015f-2082-4ac4-8da9-162de4ed431e"},"type":"InitializeVariable","inputs":{"variables":[{"name":"RowID","type":"string"}]}}},"outputs":{}}},"schemaVersion":"1.0.0.0"}