<ImportExportXml version="9.2.22074.168" SolutionPackageVersion="9.2" languagecode="1033" generatedBy="CrmLive" xmlns:xsi="http://www.w3.org/2001/XMLSchema-instance">
  <SolutionManifest>
    <UniqueName>QuotationProductionAndServices</UniqueName>
    <LocalizedNames>
      <LocalizedName description="Quotation Production and Services" languagecode="1033" />
    </LocalizedNames>
    <Descriptions>
      <Description description="Very basic solution for a company that offer goods and services, from quotation to production, Iogistics and installation services." languagecode="1033" />
    </Descriptions>
    <Version>1.0.0.5</Version>
    <Managed>0</Managed>
    <Publisher>
      <UniqueName>DefaultPublisherorg66a52fc0</UniqueName>
      <LocalizedNames>
        <LocalizedName description="Default Publisher for org66a52fc0" languagecode="1033" />
      </LocalizedNames>
      <Descriptions>
        <Description description="Default publisher for this organization" languagecode="1033" />
      </Descriptions>
      <EMailAddress xsi:nil="true"></EMailAddress>
      <SupportingWebsiteUrl xsi:nil="true"></SupportingWebsiteUrl>
      <CustomizationPrefix>new</CustomizationPrefix>
      <CustomizationOptionValuePrefix>10000</CustomizationOptionValuePrefix>
      <Addresses>
        <Address>
          <AddressNumber>1</AddressNumber>
          <AddressTypeCode xsi:nil="true"></AddressTypeCode>
          <City xsi:nil="true"></City>
          <County xsi:nil="true"></County>
          <Country xsi:nil="true"></Country>
          <Fax xsi:nil="true"></Fax>
          <FreightTermsCode xsi:nil="true"></FreightTermsCode>
          <ImportSequenceNumber xsi:nil="true"></ImportSequenceNumber>
          <Latitude xsi:nil="true"></Latitude>
          <Line1 xsi:nil="true"></Line1>
          <Line2 xsi:nil="true"></Line2>
          <Line3 xsi:nil="true"></Line3>
          <Longitude xsi:nil="true"></Longitude>
          <Name xsi:nil="true"></Name>
          <PostalCode xsi:nil="true"></PostalCode>
          <PostOfficeBox xsi:nil="true"></PostOfficeBox>
          <PrimaryContactName xsi:nil="true"></PrimaryContactName>
          <ShippingMethodCode xsi:nil="true"></ShippingMethodCode>
          <StateOrProvince xsi:nil="true"></StateOrProvince>
          <Telephone1 xsi:nil="true"></Telephone1>
          <Telephone2 xsi:nil="true"></Telephone2>
          <Telephone3 xsi:nil="true"></Telephone3>
          <TimeZoneRuleVersionNumber xsi:nil="true"></TimeZoneRuleVersionNumber>
          <UPSZone xsi:nil="true"></UPSZone>
          <UTCOffset xsi:nil="true"></UTCOffset>
          <UTCConversionTimeZoneCode xsi:nil="true"></UTCConversionTimeZoneCode>
        </Address>
        <Address>
          <AddressNumber>2</AddressNumber>
          <AddressTypeCode xsi:nil="true"></AddressTypeCode>
          <City xsi:nil="true"></City>
          <County xsi:nil="true"></County>
          <Country xsi:nil="true"></Country>
          <Fax xsi:nil="true"></Fax>
          <FreightTermsCode xsi:nil="true"></FreightTermsCode>
          <ImportSequenceNumber xsi:nil="true"></ImportSequenceNumber>
          <Latitude xsi:nil="true"></Latitude>
          <Line1 xsi:nil="true"></Line1>
          <Line2 xsi:nil="true"></Line2>
          <Line3 xsi:nil="true"></Line3>
          <Longitude xsi:nil="true"></Longitude>
          <Name xsi:nil="true"></Name>
          <PostalCode xsi:nil="true"></PostalCode>
          <PostOfficeBox xsi:nil="true"></PostOfficeBox>
          <PrimaryContactName xsi:nil="true"></PrimaryContactName>
          <ShippingMethodCode xsi:nil="true"></ShippingMethodCode>
          <StateOrProvince xsi:nil="true"></StateOrProvince>
          <Telephone1 xsi:nil="true"></Telephone1>
          <Telephone2 xsi:nil="true"></Telephone2>
          <Telephone3 xsi:nil="true"></Telephone3>
          <TimeZoneRuleVersionNumber xsi:nil="true"></TimeZoneRuleVersionNumber>
          <UPSZone xsi:nil="true"></UPSZone>
          <UTCOffset xsi:nil="true"></UTCOffset>
          <UTCConversionTimeZoneCode xsi:nil="true"></UTCConversionTimeZoneCode>
        </Address>
      </Addresses>
    </Publisher>
    <RootComponents>
      <RootComponent type="1" schemaName="account" behavior="0" />
      <RootComponent type="1" schemaName="new_model" behavior="0" />
      <RootComponent type="1" schemaName="new_product" behavior="0" />
      <RootComponent type="1" schemaName="new_production" behavior="0" />
      <RootComponent type="1" schemaName="new_productquotation" behavior="0" />
      <RootComponent type="1" schemaName="new_quotation" behavior="0" />
      <RootComponent type="1" schemaName="new_quote" behavior="0" />
      <RootComponent type="1" schemaName="new_servicequotation" behavior="0" />
      <RootComponent type="1" schemaName="new_services" behavior="0" />
      <RootComponent type="9" schemaName="new_productionstatus" behavior="0" />
      <RootComponent type="9" schemaName="new_quotestatus" behavior="0" />
      <RootComponent type="9" schemaName="new_services" behavior="0" />
      <RootComponent type="9" schemaName="new_services2" behavior="0" />
      <RootComponent type="9" schemaName="new_servicestatus" behavior="0" />
      <RootComponent type="29" id="{0946d2ed-651c-ec11-b6e6-000d3a1dcf8a}" behavior="0" />
      <RootComponent type="29" id="{3e2634b0-6f30-ec11-b6e5-000d3a9cbaf6}" behavior="0" />
      <RootComponent type="29" id="{3f022ae7-2a3b-ec11-b6e5-0022482a66d5}" behavior="0" />
      <RootComponent type="29" id="{63f88fa0-583b-ec11-b6e5-0022482a66d5}" behavior="0" />
      <RootComponent type="29" id="{6d2b79dc-e731-ec11-b6e5-000d3a9cbaf6}" behavior="0" />
      <RootComponent type="29" id="{8380efe8-7e74-4092-9111-ee29363128a7}" behavior="0" />
      <RootComponent type="29" id="{8e3e97b5-3631-ec11-b6e5-000d3a9cbaf6}" behavior="0" />
      <RootComponent type="29" id="{9df9a695-7528-ec11-b6e5-000d3a18b63e}" behavior="0" />
      <RootComponent type="29" id="{a0a687f3-9e27-ec11-b6e5-000d3a18b63e}" behavior="0" />
      <RootComponent type="29" id="{a4ea318d-fd06-4fb2-9cf0-7ec5bce87fe6}" behavior="0" />
      <RootComponent type="29" id="{c895c911-5930-ec11-b6e5-000d3a9cbaf6}" behavior="0" />
      <RootComponent type="29" id="{cfe4bb1f-952c-ec11-b6e5-000d3a55e3ed}" behavior="0" />
      <RootComponent type="29" id="{e670277f-9966-eb11-a812-000d3a178f3b}" behavior="0" />
      <RootComponent type="29" id="{f1e7fd85-3431-ec11-b6e5-000d3a9cbaf6}" behavior="0" />
      <RootComponent type="29" id="{f7a31a50-c32b-4682-94df-9efaeebf772a}" behavior="0" />
      <RootComponent type="29" id="{f9698d2f-7b2c-ec11-b6e5-000d3a55e3ed}" behavior="0" />
      <RootComponent type="29" id="{fcd77162-972c-ec11-b6e5-000d3a55e3ed}" behavior="0" />
      <RootComponent type="60" id="{b241b78e-1a2a-ec11-b6e5-000d3a55e3ed}" />
      <RootComponent type="62" schemaName="new_QuoteProdServ" behavior="0" />
      <RootComponent type="80" schemaName="new_QuoteProdServ" behavior="0" />
      <RootComponent type="300" schemaName="new_installerapp_0ce31" behavior="0" />
      <RootComponent type="431" schemaName="new_quote new_design" behavior="0" />
      <RootComponent type="431" schemaName="new_quote new_workacceptance" behavior="0" />
      <RootComponent type="432" schemaName="new_quote" behavior="0" />
    </RootComponents>
    <MissingDependencies>
      <MissingDependency>
        <Required type="1" schemaName="cr5f8_sbpresupuestodeservicios" displayName="SB Presupuesto de Servicios" solution="Active" />
        <Dependent type="1" schemaName="account" displayName="Account" />
      </MissingDependency>
      <MissingDependency>
        <Required type="1" schemaName="cr5f8_sbpresupuestogeneral" displayName="SB Presupuesto General" solution="Active" />
        <Dependent type="1" schemaName="account" displayName="Account" />
      </MissingDependency>
      <MissingDependency>
        <Required type="1" schemaName="cr5f8_sbpresupuestogeneral" displayName="SB Presupuesto General" solution="Active" />
        <Dependent type="10" schemaName="cr5f8_SBPresupuestoGeneral_EmailAddress1_" displayName="cr5f8_SBPresupuestoGeneral_EmailAddress1_" parentSchemaName="cr5f8_sbpresupuestogeneral" parentDisplayName="SB Presupuesto General" />
      </MissingDependency>
      <MissingDependency>
        <Required type="1" schemaName="cr5f8_solubuildproductquotes" displayName="Borrar2" solution="Active" />
        <Dependent type="1" schemaName="account" displayName="Account" />
      </MissingDependency>
      <MissingDependency>
        <Required type="1" schemaName="cr5f8_solubuildquotes" displayName="Borrar4" solution="Active" />
        <Dependent type="1" schemaName="account" displayName="Account" />
      </MissingDependency>
      <MissingDependency>
        <Required type="2" schemaName="cr5f8_presupuestogeneral" displayName="Presupuesto General" parentSchemaName="cr5f8_sbpresupuestogeneral" parentDisplayName="SB Presupuesto General" solution="Active" />
        <Dependent type="10" schemaName="cr5f8_SBPresupuestoGeneral_EmailAddress1_" displayName="cr5f8_SBPresupuestoGeneral_EmailAddress1_" parentSchemaName="cr5f8_sbpresupuestogeneral" parentDisplayName="SB Presupuesto General" />
      </MissingDependency>
      <MissingDependency>
        <Required type="2" schemaName="cr5f8_sbpresupuestogeneralid" displayName="SB Presupuesto General" parentSchemaName="cr5f8_sbpresupuestogeneral" parentDisplayName="SB Presupuesto General" solution="Active" />
        <Dependent type="10" schemaName="cr5f8_SBPresupuestoGeneral_EmailAddress1_" displayName="cr5f8_SBPresupuestoGeneral_EmailAddress1_" parentSchemaName="cr5f8_sbpresupuestogeneral" parentDisplayName="SB Presupuesto General" />
      </MissingDependency>
      <MissingDependency>
        <Required type="20" displayName="QPSServiceRole" solution="Active" id="{4b581289-9733-ec11-b6e5-000d3a9cbaf6}" />
        <Dependent type="60" displayName="Services main form" parentDisplayName="Quote" id="{0d3b577b-fc29-ec11-b6e5-000d3a55e3ed}" />
      </MissingDependency>
      <MissingDependency>
        <Required type="61" schemaName="cc_MscrmControls.SlaTimer.SlaTimerControl/img/Succeeded.svg" displayName="cc_MscrmControls.SlaTimer.SlaTimerControl/img/Succeeded.svg" solution="msdynce_ServiceLevelAgreementExtension (9.0.22074.1005)">
          <package>msdynce_ServiceLevelAgreementAnchor (9.0.22074.1005)</package>
        </Required>
        <Dependent type="80" schemaName="new_QuoteProdServ" displayName="QuoteProdServ" />
      </MissingDependency>
      <MissingDependency>
        <Required type="61" schemaName="msdyn_/AdvancedInAppShell.htm" displayName="msdyn_/AdvancedInAppShell.htm" solution="AppModuleWebResources (2.5)" />
        <Dependent type="80" schemaName="new_QuoteProdServ" displayName="QuoteProdServ" />
      </MissingDependency>
      <MissingDependency>
        <Required type="connectionreference" displayName="aib_currentcommondataserviceconnection" solution="Documentautomationbasekit (202109.1.0303.0)" id.connectionreferencelogicalname="aib_currentcommondataserviceconnection">
          <package>Documentautomationbasekit (202109.1.0303.0)</package>
        </Required>
        <Dependent type="29" displayName="Calculate Quote Product Totals" id="{3f022ae7-2a3b-ec11-b6e5-0022482a66d5}" />
      </MissingDependency>
      <MissingDependency>
        <Required type="connectionreference" displayName="aib_currentcommondataserviceconnection" solution="Documentautomationbasekit (202109.1.0303.0)" id.connectionreferencelogicalname="aib_currentcommondataserviceconnection">
          <package>Documentautomationbasekit (202109.1.0303.0)</package>
        </Required>
        <Dependent type="29" displayName="Calculate Quote Service Amount" id="{63f88fa0-583b-ec11-b6e5-0022482a66d5}" />
      </MissingDependency>
    </MissingDependencies>
  </SolutionManifest>
</ImportExportXml>