{
  "properties": {
    "connectionReferences": {
      "shared_commondataserviceforapps_2": {
        "runtimeSource": "embedded",
        "connection": {
          "connectionReferenceLogicalName": "aib_currentcommondataserviceconnection"
        },
        "api": {
          "name": "shared_commondataserviceforapps"
        }
      }
    },
    "definition": {
      "$schema": "https://schema.management.azure.com/providers/Microsoft.Logic/schemas/2016-06-01/workflowdefinition.json#",
      "contentVersion": "1.0.0.0",
      "parameters": {
        "$connections": {
          "defaultValue": {},
          "type": "Object"
        },
        "$authentication": {
          "defaultValue": {},
          "type": "SecureObject"
        }
      },
      "triggers": {
        "manual": {
          "splitOn": "@triggerBody()['rows']",
          "metadata": {
            "operationMetadataId": "6eb5e0a8-9a58-4123-b54f-f86f5dd787b0"
          },
          "type": "Request",
          "kind": "ApiConnection",
          "inputs": {
            "schema": {
              "type": "object",
              "properties": {},
              "required": []
            },
            "host": {
              "connection": {
                "name": "@parameters('$connections')['shared_commondataserviceforapps_2']['connectionId']"
              }
            },
            "operationId": "FlowStepRun",
            "parameters": {}
          }
        }
      },
      "actions": {
        "Get_Flow_current_Row": {
          "runAfter": {},
          "metadata": {
            "operationMetadataId": "c4dfee1a-48a5-489a-9767-ece4093c322f"
          },
          "type": "OpenApiConnection",
          "inputs": {
            "host": {
              "connectionName": "shared_commondataserviceforapps_2",
              "operationId": "GetItem",
              "apiId": "/providers/Microsoft.PowerApps/apis/shared_commondataserviceforapps"
            },
            "parameters": {
              "entityName": "new_quotes",
              "recordId": "@triggerBody()?['entity']?['entity']?['BPFFlowStageEntityRecordId']"
            },
            "authentication": "@parameters('$authentication')"
          }
        },
        "Initialize_variable": {
          "runAfter": {
            "Get_Flow_current_Row": [
              "Succeeded"
            ]
          },
          "metadata": {
            "operationMetadataId": "88efb630-7ecf-4b9d-8877-c4f4f5932447"
          },
          "type": "InitializeVariable",
          "inputs": {
            "variables": [
              {
                "name": "varQuoteProdAmount",
                "type": "float",
                "value": 0
              }
            ]
          }
        },
        "Initialize_variable_3": {
          "runAfter": {
            "Initialize_variable": [
              "Succeeded"
            ]
          },
          "metadata": {
            "operationMetadataId": "69a25dd0-d489-48c5-ad12-cddd6d3a1bc0"
          },
          "type": "InitializeVariable",
          "inputs": {
            "variables": [
              {
                "name": "varPrice",
                "type": "float",
                "value": 0
              }
            ]
          }
        },
        "Initialize_variable_4": {
          "runAfter": {
            "Initialize_variable_3": [
              "Succeeded"
            ]
          },
          "metadata": {
            "operationMetadataId": "754c054d-ff76-4974-864b-dc41c9315b01"
          },
          "type": "InitializeVariable",
          "inputs": {
            "variables": [
              {
                "name": "varQ",
                "type": "integer",
                "value": 0
              }
            ]
          }
        },
        "Initialize_variable_2": {
          "runAfter": {
            "Initialize_variable_4": [
              "Succeeded"
            ]
          },
          "metadata": {
            "operationMetadataId": "f18a8111-1a3b-4bef-93cd-4c5f37b48574"
          },
          "type": "InitializeVariable",
          "inputs": {
            "variables": [
              {
                "name": "varProdSubtotal",
                "type": "float",
                "value": 0
              }
            ]
          }
        },
        "List_rows_from_Product_Quote": {
          "runAfter": {
            "Initialize_variable_2": [
              "Succeeded"
            ]
          },
          "metadata": {
            "operationMetadataId": "6336c116-391f-4708-9515-dfaab12739ec"
          },
          "type": "OpenApiConnection",
          "inputs": {
            "host": {
              "connectionName": "shared_commondataserviceforapps_2",
              "operationId": "ListRecords",
              "apiId": "/providers/Microsoft.PowerApps/apis/shared_commondataserviceforapps"
            },
            "parameters": {
              "entityName": "new_productquotations",
              "$filter": "_new_quote_value eq '@{outputs('Get_Flow_current_Row')?['body/new_quoteid']}'",
              "$expand": "new_Product($select=new_name), new_Model($select=new_name)"
            },
            "authentication": "@parameters('$authentication')"
          }
        },
        "Apply_to_each": {
          "foreach": "@outputs('List_rows_from_Product_Quote')?['body/value']",
          "actions": {
            "Set_variable": {
              "runAfter": {},
              "metadata": {
                "operationMetadataId": "48d26f23-0ac8-4871-b5a0-16a13f7e4085"
              },
              "type": "SetVariable",
              "inputs": {
                "name": "varQ",
                "value": "@items('Apply_to_each')?['new_quantity']"
              }
            },
            "Increment_variable": {
              "runAfter": {
                "Set_variable_3": [
                  "Succeeded"
                ]
              },
              "metadata": {
                "operationMetadataId": "ea1e5401-6cec-4eeb-bf5d-602d8ae014a9"
              },
              "type": "IncrementVariable",
              "inputs": {
                "name": "varQuoteProdAmount",
                "value": "@variables('varProdSubtotal')"
              }
            },
            "Set_variable_2": {
              "runAfter": {
                "Set_variable": [
                  "Succeeded"
                ]
              },
              "metadata": {
                "operationMetadataId": "6e7eeb8b-f81b-4ecb-adbe-44b367e66065"
              },
              "type": "SetVariable",
              "inputs": {
                "name": "varPrice",
                "value": "@items('Apply_to_each')?['new_price']"
              }
            },
            "Set_variable_3": {
              "runAfter": {
                "Set_variable_2": [
                  "Succeeded"
                ]
              },
              "metadata": {
                "operationMetadataId": "1ca8c781-adc0-4118-8d10-7076a53833e6"
              },
              "type": "SetVariable",
              "inputs": {
                "name": "varProdSubtotal",
                "value": "@mul(variables('varPrice'), variables('varQ'))"
              }
            }
          },
          "runAfter": {
            "List_rows_from_Product_Quote": [
              "Succeeded"
            ]
          },
          "metadata": {
            "operationMetadataId": "63ffef38-dcef-4001-81f4-d0976acb9029"
          },
          "type": "Foreach"
        },
        "Update_a_row": {
          "runAfter": {
            "Apply_to_each": [
              "Succeeded"
            ]
          },
          "metadata": {
            "operationMetadataId": "5f97ae00-fa1c-4fd0-995b-c9c169e85f06"
          },
          "type": "OpenApiConnection",
          "inputs": {
            "host": {
              "connectionName": "shared_commondataserviceforapps_2",
              "operationId": "UpdateRecord",
              "apiId": "/providers/Microsoft.PowerApps/apis/shared_commondataserviceforapps"
            },
            "parameters": {
              "entityName": "workflowlogs",
              "recordId": "@triggerBody()?['entity']?['entity']?['FlowsWorkflowLogId']",
              "item/status": 2
            },
            "authentication": "@parameters('$authentication')"
          }
        },
        "Update_a_row_2": {
          "runAfter": {
            "Update_a_row": [
              "Succeeded",
              "Failed"
            ]
          },
          "metadata": {
            "operationMetadataId": "8d9564f6-c6c6-43cd-b6c3-2a3015b1febd"
          },
          "type": "OpenApiConnection",
          "inputs": {
            "host": {
              "connectionName": "shared_commondataserviceforapps_2",
              "operationId": "UpdateRecord",
              "apiId": "/providers/Microsoft.PowerApps/apis/shared_commondataserviceforapps"
            },
            "parameters": {
              "entityName": "new_quotes",
              "recordId": "@triggerBody()?['entity']?['entity']?['BPFFlowStageEntityRecordId']",
              "item/new_quoteprodamount": "@variables('varQuoteProdAmount')"
            },
            "authentication": "@parameters('$authentication')"
          }
        }
      },
      "outputs": {}
    }
  },
  "schemaVersion": "1.0.0.0"
}