{
  "properties": {
    "connectionReferences": {
      "shared_commondataserviceforapps": {
        "runtimeSource": "embedded",
        "connection": {
          "connectionReferenceLogicalName": "cr5f8_sharedcommondataserviceforapps_b8e25"
        },
        "api": {
          "name": "shared_commondataserviceforapps"
        }
      },
      "shared_office365": {
        "runtimeSource": "invoker",
        "connection": {
          "connectionReferenceLogicalName": "cr5f8_sharedoffice365_aa58d"
        },
        "api": {
          "name": "shared_office365"
        }
      }
    },
    "definition": {
      "$schema": "https://schema.management.azure.com/providers/Microsoft.Logic/schemas/2016-06-01/workflowdefinition.json#",
      "contentVersion": "1.0.0.0",
      "parameters": {
        "$connections": {
          "defaultValue": {},
          "type": "Object"
        },
        "$authentication": {
          "defaultValue": {},
          "type": "SecureObject"
        }
      },
      "triggers": {
        "manual": {
          "splitOn": "@triggerBody()['rows']",
          "type": "Request",
          "kind": "ApiConnection",
          "inputs": {
            "schema": {
              "type": "object",
              "properties": {
                "rows": {
                  "type": "array",
                  "items": {
                    "type": "object",
                    "properties": {
                      "entity": {
                        "type": "object",
                        "properties": {
                          "entity": {
                            "type": "object",
                            "properties": {
                              "BPFFlowStageEntityRecordId": {
                                "title": "BPF Flow Stage Table Row Id",
                                "type": "string"
                              },
                              "FlowsWorkflowLogId": {
                                "title": "Flows Workflow Log Id",
                                "type": "string"
                              }
                            }
                          }
                        },
                        "required": [
                          "entity"
                        ]
                      }
                    },
                    "required": [
                      "entity"
                    ]
                  }
                }
              },
              "required": [
                "rows"
              ]
            },
            "host": {
              "connection": {
                "name": "@parameters('$connections')['shared_commondataserviceforapps']['connectionId']"
              }
            },
            "operationId": "FlowStepRun",
            "parameters": {},
            "headersSchema": {
              "x-ms-user-email-encoded": {
                "title": "User email",
                "type": "string",
                "format": "byte",
                "x-ms-dynamically-added": false
              }
            }
          }
        }
      },
      "actions": {
        "Update_a_row": {
          "runAfter": {
            "Send_email_to_customer": [
              "Succeeded"
            ]
          },
          "type": "OpenApiConnection",
          "inputs": {
            "host": {
              "connectionName": "shared_commondataserviceforapps",
              "operationId": "UpdateRecord",
              "apiId": "/providers/Microsoft.PowerApps/apis/shared_commondataserviceforapps"
            },
            "parameters": {
              "entityName": "workflowlogs",
              "recordId": "@triggerBody()?['entity']?['entity']?['FlowsWorkflowLogId']",
              "item/status": 2
            },
            "authentication": {
              "type": "Raw",
              "value": "@json(decodeBase64(triggerOutputs().headers['X-MS-APIM-Tokens']))['$ConnectionKey']"
            }
          }
        },
        "Get_Flow_current_Row": {
          "runAfter": {},
          "type": "OpenApiConnection",
          "inputs": {
            "host": {
              "connectionName": "shared_commondataserviceforapps",
              "operationId": "GetItem",
              "apiId": "/providers/Microsoft.PowerApps/apis/shared_commondataserviceforapps"
            },
            "parameters": {
              "entityName": "new_quotes",
              "recordId": "@triggerBody()?['entity']?['entity']?['BPFFlowStageEntityRecordId']"
            },
            "authentication": {
              "type": "Raw",
              "value": "@json(decodeBase64(triggerOutputs().headers['X-MS-APIM-Tokens']))['$ConnectionKey']"
            }
          }
        },
        "Get_Row_from_Accounts_with_Client_value": {
          "runAfter": {
            "Get_Flow_current_Row": [
              "Succeeded"
            ]
          },
          "type": "OpenApiConnection",
          "inputs": {
            "host": {
              "connectionName": "shared_commondataserviceforapps",
              "operationId": "GetItem",
              "apiId": "/providers/Microsoft.PowerApps/apis/shared_commondataserviceforapps"
            },
            "parameters": {
              "entityName": "accounts",
              "recordId": "@outputs('Get_Flow_current_Row')?['body/_new_customer_value']"
            },
            "authentication": {
              "type": "Raw",
              "value": "@json(decodeBase64(triggerOutputs().headers['X-MS-APIM-Tokens']))['$ConnectionKey']"
            }
          }
        },
        "Create_HTML_table_with_Product_Quote": {
          "runAfter": {
            "List_rows_from_Service_Quote": [
              "Succeeded"
            ]
          },
          "type": "Table",
          "inputs": {
            "from": "@outputs('List_rows_from_Product_Quote')?['body/value']",
            "format": "HTML",
            "columns": [
              {
                "header": "Product",
                "value": "@item()?['new_product/new_name']"
              },
              {
                "header": "Model",
                "value": "@item()?['new_model/new_name']"
              },
              {
                "header": "Qty.",
                "value": "@item()?['new_quantity']"
              },
              {
                "header": "Sub-total:",
                "value": "@item()?['new_subtotal']"
              }
            ]
          }
        },
        "Gets_design_image": {
          "runAfter": {
            "Create_HTML_table_with_Service_Quote": [
              "Succeeded"
            ]
          },
          "type": "OpenApiConnection",
          "inputs": {
            "host": {
              "connectionName": "shared_commondataserviceforapps",
              "operationId": "GetEntityFileImageFieldContent",
              "apiId": "/providers/Microsoft.PowerApps/apis/shared_commondataserviceforapps"
            },
            "parameters": {
              "entityName": "new_quotes",
              "recordId": "@triggerBody()?['entity']?['entity']?['BPFFlowStageEntityRecordId']",
              "fileImageFieldName": "new_design",
              "size": "full"
            },
            "authentication": {
              "type": "Raw",
              "value": "@json(decodeBase64(triggerOutputs().headers['X-MS-APIM-Tokens']))['$ConnectionKey']"
            }
          }
        },
        "Update_a_row_2": {
          "runAfter": {
            "Update_a_row": [
              "Succeeded"
            ]
          },
          "type": "OpenApiConnection",
          "inputs": {
            "host": {
              "connectionName": "shared_commondataserviceforapps",
              "operationId": "UpdateRecord",
              "apiId": "/providers/Microsoft.PowerApps/apis/shared_commondataserviceforapps"
            },
            "parameters": {
              "entityName": "new_quotes",
              "recordId": "@triggerBody()?['entity']?['entity']?['BPFFlowStageEntityRecordId']",
              "item/new_quotestatus": 100000003
            },
            "authentication": {
              "type": "Raw",
              "value": "@json(decodeBase64(triggerOutputs().headers['X-MS-APIM-Tokens']))['$ConnectionKey']"
            }
          }
        },
        "Send_email_to_customer": {
          "runAfter": {
            "Gets_design_image": [
              "Succeeded",
              "Failed"
            ]
          },
          "type": "OpenApiConnection",
          "inputs": {
            "host": {
              "connectionName": "shared_office365",
              "operationId": "SendEmailV2",
              "apiId": "/providers/Microsoft.PowerApps/apis/shared_office365"
            },
            "parameters": {
              "emailMessage/To": "@outputs('Get_Row_from_Accounts_with_Client_value')?['body/emailaddress1']",
              "emailMessage/Subject": "Your Quote",
              "emailMessage/Body": "<p>Quote ID: @{outputs('Get_Flow_current_Row')?['body/new_name']}<br>\n<br>\nProducts:@{body('Create_HTML_table_with_Product_Quote')}\nProduct total: @{outputs('Get_Flow_current_Row')?['body/new_quoteprodamount']}<br>\n\n<br>\nServices:@{body('Create_HTML_table_with_Service_Quote')}\nService total: @{outputs('Get_Flow_current_Row')?['body/new_quoteservamount']}<br>\n\n<br>\nDesign: <br>\n<br>\n<img src=\"data:image/jpg;base64,@{outputs('Get_Flow_current_Row')?['body/new_design']}\" alt=\"Design\" />\n</p>",
              "emailMessage/From": "@triggerOutputs()['headers']['x-ms-user-email-encoded']"
            },
            "authentication": {
              "type": "Raw",
              "value": "@json(decodeBase64(triggerOutputs().headers['X-MS-APIM-Tokens']))['$ConnectionKey']"
            }
          }
        },
        "List_rows_from_Product_Quote": {
          "runAfter": {
            "Get_Row_from_Accounts_with_Client_value": [
              "Succeeded"
            ]
          },
          "type": "OpenApiConnection",
          "inputs": {
            "host": {
              "connectionName": "shared_commondataserviceforapps",
              "operationId": "ListRecords",
              "apiId": "/providers/Microsoft.PowerApps/apis/shared_commondataserviceforapps"
            },
            "parameters": {
              "entityName": "new_productquotations",
              "$filter": "_new_quote_value eq '@{outputs('Get_Flow_current_Row')?['body/new_quoteid']}'",
              "$expand": "new_Product($select=new_name), new_Model($select=new_name)"
            },
            "authentication": {
              "type": "Raw",
              "value": "@json(decodeBase64(triggerOutputs().headers['X-MS-APIM-Tokens']))['$ConnectionKey']"
            }
          }
        },
        "List_rows_from_Service_Quote": {
          "runAfter": {
            "List_rows_from_Product_Quote": [
              "Succeeded"
            ]
          },
          "type": "OpenApiConnection",
          "inputs": {
            "host": {
              "connectionName": "shared_commondataserviceforapps",
              "operationId": "ListRecords",
              "apiId": "/providers/Microsoft.PowerApps/apis/shared_commondataserviceforapps"
            },
            "parameters": {
              "entityName": "new_servicequotations",
              "$filter": "_new_quote_value eq '@{outputs('Get_Flow_current_Row')?['body/new_quoteid']}'"
            },
            "authentication": {
              "type": "Raw",
              "value": "@json(decodeBase64(triggerOutputs().headers['X-MS-APIM-Tokens']))['$ConnectionKey']"
            }
          }
        },
        "Create_HTML_table_with_Service_Quote": {
          "runAfter": {
            "Create_HTML_table_with_Product_Quote": [
              "Succeeded"
            ]
          },
          "type": "Table",
          "inputs": {
            "from": "@outputs('List_rows_from_Service_Quote')?['body/value']",
            "format": "HTML",
            "columns": [
              {
                "header": "Service",
                "value": "@item()?['new_name']"
              },
              {
                "header": "Price",
                "value": "@item()?['new_price']"
              }
            ]
          }
        }
      },
      "outputs": {}
    }
  },
  "schemaVersion": "1.0.0.0"
}