{
  "properties": {
    "connectionReferences": {
      "shared_commondataserviceforapps": {
        "impersonation": {},
        "runtimeSource": "embedded",
        "connection": {
          "connectionReferenceLogicalName": "cr5f8_sharedcommondataserviceforapps_b8e25"
        },
        "api": {
          "name": "shared_commondataserviceforapps"
        }
      }
    },
    "definition": {
      "$schema": "https://schema.management.azure.com/providers/Microsoft.Logic/schemas/2016-06-01/workflowdefinition.json#",
      "contentVersion": "1.0.0.0",
      "parameters": {
        "$connections": {
          "defaultValue": {},
          "type": "Object"
        },
        "$authentication": {
          "defaultValue": {},
          "type": "SecureObject"
        }
      },
      "triggers": {
        "When_a_row_is_added,_modified_or_deleted": {
          "type": "OpenApiConnectionWebhook",
          "inputs": {
            "host": {
              "apiId": "/providers/Microsoft.PowerApps/apis/shared_commondataserviceforapps",
              "connectionName": "shared_commondataserviceforapps",
              "operationId": "SubscribeWebhookTrigger"
            },
            "parameters": {
              "subscriptionRequest/message": 3,
              "subscriptionRequest/entityname": "new_quote",
              "subscriptionRequest/scope": 4,
              "subscriptionRequest/filteringattributes": "new_customerdeliveryactualdate",
              "subscriptionRequest/name": "3e2634b0-6f30-ec11-b6e5-000d3a9cbaf6"
            },
            "authentication": "@parameters('$authentication')"
          }
        }
      },
      "actions": {
        "Condition": {
          "actions": {
            "Condition_-_Services": {
              "actions": {
                "Update_a_row": {
                  "runAfter": {},
                  "type": "OpenApiConnection",
                  "inputs": {
                    "host": {
                      "apiId": "/providers/Microsoft.PowerApps/apis/shared_commondataserviceforapps",
                      "connectionName": "shared_commondataserviceforapps",
                      "operationId": "UpdateRecord"
                    },
                    "parameters": {
                      "entityName": "new_quotes",
                      "recordId": "@triggerOutputs()?['body/new_quoteid']",
                      "item/new_servicestatus": 100000002
                    },
                    "authentication": "@parameters('$authentication')"
                  }
                }
              },
              "runAfter": {},
              "else": {
                "actions": {
                  "Update_a_row_2": {
                    "runAfter": {},
                    "type": "OpenApiConnection",
                    "inputs": {
                      "host": {
                        "apiId": "/providers/Microsoft.PowerApps/apis/shared_commondataserviceforapps",
                        "connectionName": "shared_commondataserviceforapps",
                        "operationId": "UpdateRecord"
                      },
                      "parameters": {
                        "entityName": "new_quotes",
                        "recordId": "@triggerOutputs()?['body/new_quoteid']",
                        "item/new_servicestatus": 100000006
                      },
                      "authentication": "@parameters('$authentication')"
                    }
                  }
                }
              },
              "expression": {
                "not": {
                  "equals": [
                    "@triggerOutputs()?['body/new_services']",
                    100000000
                  ]
                }
              },
              "type": "If"
            }
          },
          "runAfter": {},
          "expression": {
            "not": {
              "equals": [
                "@triggerOutputs()?['body/new_customerdeliveryactualdate']",
                "@null"
              ]
            }
          },
          "type": "If"
        }
      }
    }
  },
  "schemaVersion": "1.0.0.0"
}